Feature,Correlation
consumption_lag_168h,0.8304600991201055
consumption_lag_24h,0.6031353328974054
hour_cos,0.4640460911404019
working_hour,0.42731008442450313
is_morning_peak,0.348878111024426
is_weekend,0.33011180987154937
day_of_week_sin,0.2822600766026308
hour_sin,0.16488541303174337
is_evening_peak,0.1531243383903195
is_summer,0.11528652727450095
is_winter,0.10685828421495501
is_festive,0.0923617595227282
day_of_week_cos,0.02626831892598324
