Feature,Correlation
is_weekend,0.8049829620033986
day_of_week_sin,0.6788860393992167
rolling_avg_3d,0.6069075101497915
temperature_2m_mean,0.23266008120721626
is_festive,0.22648485162825757
temp_mean_rolling_3d,0.22293365599075549
is_terugkomdag,0.20760684435045676
temp_mean_lag_1d,0.19853731543033976
is_summer,0.196824881035975
is_winter,0.1699483443833533
rolling_std_3d,0.13850240689593848
weekofyear,0.06767614145699141
day_of_week_cos,0.06523830904835409
dayofmonth,0.005958496098285837
