Feature,Correlation
consumption_lag_7d,0.7833947136257121
is_weekend,0.7624381463724873
day_of_week_sin,0.6352160950934805
consumption_lag_1d,0.43250644958535966
is_summer,0.3827690251074705
consumption_lag_365d,0.3298633186929301
is_winter,0.24213919948770724
is_festive,0.17892822479445608
consumption_lag_30d,0.08409460757818411
day_of_week_cos,0.08124753581572583
