Feature,Correlation
consumption_lag_1d,0.8635291753770411
is_weekend,0.39772296743555396
day_of_week_sin,0.3341020314092288
is_summer,0.16953136351522077
is_winter,0.1384102505520391
consumption_lag_7d,0.1297593478319033
is_festive,0.10029186392182621
day_of_week_cos,0.049096289582692326
