Feature,Correlation
consumption_lag_168h,0.7994076017642638
consumption_lag_24h,0.5844941981741796
hour_cos,0.462057962203071
working_hour,0.417405477029678
is_weekend,0.396622138399396
day_of_week_sin,0.333621915198224
is_morning_peak,0.33160641397328094
is_summer,0.16718350938695045
hour_sin,0.14271823903912542
is_evening_peak,0.1411208874506418
is_winter,0.14012805219494126
is_festive,0.1015626959781054
day_of_week_cos,0.04694602583407686
